{"cameraMode":{"drawMode":0,"name":"Shaded","section":"Shading Mode"},"sceneLighting":true,"audioPlay":false,"sceneViewState":{"m_AlwaysRefresh":false,"showFog":true,"showSkybox":true,"showFlares":true,"showImageEffects":true,"showParticleSystems":true,"showVisualEffectGraphs":true,"m_FxEnabled":true},"in2DMode":false,"pivot":{"x":-4.442396640777588,"y":4.41227912902832,"z":0.2811145782470703},"rotation":{"x":-0.05578058212995529,"y":0.002093622926622629,"z":-0.00011708011152222753,"w":-0.9984391331672669},"size":33.0833625793457,"orthographic":false}