{"cameraMode":{"drawMode":0,"name":"Shaded","section":"Shading Mode"},"sceneLighting":true,"audioPlay":false,"sceneViewState":{"m_AlwaysRefresh":false,"showFog":true,"showSkybox":true,"showFlares":true,"showImageEffects":true,"showParticleSystems":true,"showVisualEffectGraphs":true,"m_FxEnabled":true},"in2DMode":false,"pivot":{"x":-40.308380126953128,"y":1.7453060150146485,"z":0.6239748001098633},"rotation":{"x":-0.04529207944869995,"y":0.009586977772414685,"z":-0.00043493317207321525,"w":-0.998926043510437},"size":2.39998197555542,"orthographic":false}