{"cameraMode":{"drawMode":0,"name":"Shaded","section":"Shading Mode"},"sceneLighting":true,"audioPlay":false,"sceneViewState":{"m_AlwaysRefresh":false,"showFog":true,"showSkybox":true,"showFlares":true,"showImageEffects":true,"showParticleSystems":true,"showVisualEffectGraphs":true,"m_FxEnabled":true},"in2DMode":false,"pivot":{"x":1.886139154434204,"y":14.341161727905274,"z":2.5781679153442385},"rotation":{"x":-0.04529207944869995,"y":0.009586977772414685,"z":-0.00043493317207321525,"w":-0.998926043510437},"size":43.05998992919922,"orthographic":false}