{"cameraMode":{"drawMode":0,"name":"Shaded","section":"Shading Mode"},"sceneLighting":false,"audioPlay":false,"sceneViewState":{"m_AlwaysRefresh":false,"showFog":true,"showSkybox":false,"showFlares":true,"showImageEffects":true,"showParticleSystems":true,"showVisualEffectGraphs":true,"m_FxEnabled":true},"in2DMode":false,"pivot":{"x":5.526858806610107,"y":7.554593086242676,"z":-12.567728042602539},"rotation":{"x":-0.03180424124002457,"y":-0.002401771955192089,"z":0.00007616787479491904,"w":-0.9994897246360779},"size":15.525643348693848,"orthographic":false}